{"cameraMode":{"drawMode":0,"name":"Shaded","section":"Shading Mode"},"sceneLighting":true,"audioPlay":false,"sceneViewState":{"m_AlwaysRefresh":false,"showFog":true,"showSkybox":true,"showFlares":true,"showImageEffects":true,"showParticleSystems":true,"showVisualEffectGraphs":true,"m_FxEnabled":false},"in2DMode":false,"pivot":{"x":73.3997802734375,"y":60.202484130859378,"z":3.5516414642333986},"rotation":{"x":-0.04379458352923393,"y":-0.02206503041088581,"z":0.001416384126059711,"w":-0.9990779161453247},"size":173.4843292236328,"orthographic":false}